{
  "cmd/agent-shim-cli/main.go": 1775565032.620849,
  "cmd/agent-shim/main.go": 1775563864.2566383,
  "cmd/agentdctl/session.go": 1775492282.2838705,
  "cmd/agentdctl/daemon.go": 1775492819.7076201,
  "cmd/agentdctl/main.go": 1775492826.4487174,
  "cmd/agentdctl/workspace.go": 1775492596.1515849,
  "cmd/agentd/main.go": 1775618795.2031658,
  "tests/integration/real_cli_test.go": 1775580655.277081,
  "tests/integration/e2e_test.go": 1775494269.1984947,
  "tests/integration/concurrent_test.go": 1775496390.9257748,
  "tests/integration/restart_test.go": 1775576759.2214105,
  "tests/integration/session_test.go": 1775496162.6525066,
  "internal/testutil/mockagent/main.go": 1775486023.658535,
  "pkg/workspace/handler.go": 1775150943.8356504,
  "pkg/workspace/local_test.go": 1775152664.1708238,
  "pkg/workspace/git.go": 1775151115.5975444,
  "pkg/workspace/manager_test.go": 1775618912.217081,
  "pkg/workspace/emptydir.go": 1775152434.6581655,
  "pkg/workspace/spec.go": 1775150108.851124,
  "pkg/workspace/hook.go": 1775154210.002464,
  "pkg/workspace/local.go": 1775152619.414205,
  "pkg/workspace/hook_test.go": 1775154870.9861991,
  "pkg/workspace/git_test.go": 1775151400.5027623,
  "pkg/workspace/manager.go": 1775618778.374816,
  "pkg/workspace/emptydir_test.go": 1775152434.6581109,
  "pkg/workspace/spec_test.go": 1775150170.5924258,
  "pkg/workspace/errors.go": 1775156837.2185326,
  "pkg/ari/server.go": 1775625702.107472,
  "pkg/ari/types.go": 1775625524.3341718,
  "pkg/ari/client.go": 1775492010.3774574,
  "pkg/ari/registry.go": 1775618758.415574,
  "pkg/ari/registry_test.go": 1775618864.2082803,
  "pkg/ari/client_test.go": 1775492095.7974627,
  "pkg/ari/server_test.go": 1775629518.7680566,
  "pkg/runtime/terminal.go": 1775498128.8820956,
  "pkg/runtime/terminal_test.go": 1775499514.562495,
  "pkg/runtime/runtime.go": 1775625242.216177,
  "pkg/runtime/client.go": 1775498092.094598,
  "pkg/runtime/runtime_test.go": 1775148210.618087,
  "pkg/runtime/client_test.go": 1775625258.8647316,
  "pkg/spec/config.go": 1775148210.61951,
  "pkg/spec/types.go": 1775625232.7544322,
  "pkg/spec/state_types.go": 1775500743.4632168,
  "pkg/spec/state_test.go": 1775148210.6223402,
  "pkg/spec/state.go": 1775148210.6213906,
  "pkg/spec/config_test.go": 1775148210.6205246,
  "pkg/spec/example_bundles_test.go": 1775559589.9741883,
  "pkg/meta/models.go": 1775622716.650829,
  "pkg/meta/store_test.go": 1775575207.67801,
  "pkg/meta/store.go": 1775574957.6405044,
  "pkg/meta/session.go": 1775575052.9494755,
  "pkg/meta/workspace_test.go": 1775181262.000291,
  "pkg/meta/room_test.go": 1775622772.106644,
  "pkg/meta/session_test.go": 1775622778.1050956,
  "pkg/meta/room.go": 1775622722.6320536,
  "pkg/meta/integration_test.go": 1775181894.6803873,
  "pkg/meta/workspace.go": 1775618699.8795266,
  "pkg/events/log.go": 1775616280.32273,
  "pkg/events/log_test.go": 1775616391.8966515,
  "pkg/events/types.go": 1775563641.674846,
  "pkg/events/translator_test.go": 1775616594.113626,
  "pkg/events/envelope.go": 1775564142.4753268,
  "pkg/events/translator.go": 1775616533.0083466,
  "pkg/rpc/server_internal_test.go": 1775564167.1739078,
  "pkg/rpc/server.go": 1775616623.9549608,
  "pkg/rpc/server_test.go": 1775616709.552494,
  "pkg/agentd/process_test.go": 1775625340.1912415,
  "pkg/agentd/config.go": 1775184290.6107998,
  "pkg/agentd/recovery.go": 1775617071.0675719,
  "pkg/agentd/session.go": 1775186201.1710212,
  "pkg/agentd/process.go": 1775625287.8146698,
  "pkg/agentd/recovery_posture.go": 1775582703.9650066,
  "pkg/agentd/shim_client.go": 1775616886.193662,
  "pkg/agentd/runtimeclass_test.go": 1775184362.097866,
  "pkg/agentd/recovery_test.go": 1775584533.8936608,
  "pkg/agentd/session_test.go": 1775186231.763373,
  "pkg/agentd/runtimeclass.go": 1775184320.1451514,
  "pkg/agentd/shim_client_test.go": 1775617045.596882,
  "pkg/agentd/recovery_posture_test.go": 1775583331.0342426,
  "Agent.md": 1775576873.9002643,
  "README.md": 1775496844.092243,
  "bin/bundles/README.md": 1775148210.4719148,
  "docs/CONVENTIONS.md": 1775577907.3444858,
  "docs/DECISIONS.md": 1775577859.0732806,
  "docs/research/a2a-protocol.md": 1775148210.574664,
  "docs/research/containerd.md": 1775148210.579796,
  "docs/research/acpx.md": 1775148210.578113,
  "docs/research/oci/runtime-spec.md": 1775148210.5851135,
  "docs/research/oci/image-spec.md": 1775148210.5822747,
  "docs/research/oci/runc.md": 1775148210.5836253,
  "docs/research/acp/protocol-overview.md": 1775499269.1976094,
  "docs/research/acp/acp-protocol.md": 1775148210.5761926,
  "docs/design/contract-convergence.md": 1775561074.432039,
  "docs/design/README.md": 1775561038.3828485,
  "docs/design/roadmap.md": 1775148210.5383847,
  "docs/design/workspace/workspace-spec.md": 1775560437.1083355,
  "docs/design/runtime/shim-rpc-spec.md": 1775560954.1079931,
  "docs/design/runtime/why-no-runa.md": 1775148210.5474215,
  "docs/design/runtime/config-spec.md": 1775559902.224307,
  "docs/design/runtime/runtime-spec.md": 1775559878.3169124,
  "docs/design/runtime/agent-shim.md": 1775560994.2529578,
  "docs/design/runtime/design.md": 1775559983.3061514,
  "docs/design/orchestrator/room-spec.md": 1775560437.108376,
  "docs/design/agentd/agentd.md": 1775560537.9684346,
  "docs/design/agentd/ari-spec.md": 1775560537.9685364,
  "docs/plan/shim-rpc-redesign.md": 1775500926.9185748,
  "docs/plan/unified-modification-plan.md": 1775550927.6159275,
  "docs/plan/code-improvement-plan.md": 1775501973.7682211
}